Bucket,Mean_flow_exact,Std_flow_exact
250,0.006000,0.077227
500,0.122000,0.327286
1000,0.522000,0.499516
2000,0.770000,0.420833
