Bucket,Mean_flow_exact,Std_flow_exact
250,0.000000,0.000000
500,0.016000,0.125475
1000,0.346000,0.475693
2000,0.662000,0.473029
