Bucket,Mean_flow_exact,Std_flow_exact
1000,0.346000,0.475693
2000,0.662000,0.473029
3000,0.776000,0.416922
4000,0.842000,0.364741
5000,0.866000,0.340652
