Bucket,MeanExactAccuracy,StdExactAccuracy,MeanTimeSec,StdTimeSec
250,0.002000,0.044677,0.093452,0.012434
500,0.180000,0.384187,0.111525,0.013276
1000,0.582000,0.493230,0.121431,0.013179
2000,0.796000,0.402969,0.127414,0.013357
