Bucket,MeanExactAccuracy,StdExactAccuracy,MeanTimeSec,StdTimeSec
500,0.900000,0.300000,0.048562,0.003805
1000,0.900000,0.300000,0.054514,0.003438
2000,0.900000,0.300000,0.056233,0.001340
3000,0.900000,0.300000,0.055693,0.003931
4000,1.000000,0.000000,0.056869,0.001215
