Bucket,MeanExactAccuracy,StdExactAccuracy,MeanTimeSec,StdTimeSec
125,0.758000,0.428294,0.674064,0.058458
250,0.884000,0.320225,0.660800,0.044491
500,0.932000,0.251746,0.720687,0.045494
1000,0.964000,0.186290,0.802066,0.086978
