Bucket,MeanExactAccuracy,StdExactAccuracy,MeanTimeSec,StdTimeSec
40,0.784000,0.411514,0.514251,0.052832
250,0.916000,0.277388,0.442303,0.034955
500,0.976000,0.153049,0.486275,0.039775
1000,0.978000,0.146683,0.514929,0.043934
2000,0.990000,0.099499,0.532770,0.041913
