inserts_40,inserts_80,inserts_120,inserts_200
0.011096,0.022731,0.035259,0.057391
0.010911,0.023776,0.034181,0.056590
0.010741,0.022568,0.034811,0.056980
0.011226,0.020817,0.033501,0.052773
0.011354,0.021583,0.031885,0.054149
